[
  {
    "gqlId": "cancogen_sep10::file::extended::analysis",
    "field": "analysis",
    "type": "object",
    "displayName": "Analysis",
    "active": false,
    "isArray": false,
    "primaryKey": false,
    "quickSearchEnabled": false,
    "unit": null,
    "displayValues": {},
    "rangeStep": 1,
    "__typename": "ExtendedFieldMapping"
  },
  {
    "gqlId": "cancogen_sep10::file::extended::analysis.analysis_id",
    "field": "analysis.analysis_id",
    "type": "id",
    "displayName": "Analysis ID",
    "active": false,
    "isArray": false,
    "primaryKey": false,
    "quickSearchEnabled": false,
    "unit": null,
    "displayValues": {},
    "rangeStep": 1,
    "__typename": "ExtendedFieldMapping"
  },
  {
    "gqlId": "cancogen_sep10::file::extended::analysis.analysis_state",
    "field": "analysis.analysis_state",
    "type": "keyword",
    "displayName": "Analysis State",
    "active": false,
    "isArray": false,
    "primaryKey": false,
    "quickSearchEnabled": false,
    "unit": null,
    "displayValues": {},
    "rangeStep": 1,
    "__typename": "ExtendedFieldMapping"
  },
  {
    "gqlId": "cancogen_sep10::file::extended::analysis.analysis_type",
    "field": "analysis.analysis_type",
    "type": "keyword",
    "displayName": "Analysis Type",
    "active": false,
    "isArray": false,
    "primaryKey": false,
    "quickSearchEnabled": false,
    "unit": null,
    "displayValues": {},
    "rangeStep": 1,
    "__typename": "ExtendedFieldMapping"
  },
  {
    "gqlId": "cancogen_sep10::file::extended::analysis.analysis_version",
    "field": "analysis.analysis_version",
    "type": "integer",
    "displayName": "Analysis Version",
    "active": false,
    "isArray": false,
    "primaryKey": false,
    "quickSearchEnabled": false,
    "unit": null,
    "displayValues": {},
    "rangeStep": 1,
    "__typename": "ExtendedFieldMapping"
  },
  {
    "gqlId": "cancogen_sep10::file::extended::analysis.database_identifiers",
    "field": "analysis.database_identifiers",
    "type": "object",
    "displayName": "Analysis Database Identifiers",
    "active": false,
    "isArray": false,
    "primaryKey": false,
    "quickSearchEnabled": false,
    "unit": null,
    "displayValues": {},
    "rangeStep": 1,
    "__typename": "ExtendedFieldMapping"
  },
  {
    "gqlId": "cancogen_sep10::file::extended::analysis.database_identifiers.gisaid_accession",
    "field": "analysis.database_identifiers.gisaid_accession",
    "type": "id",
    "displayName": "Gisaid Accession",
    "active": false,
    "isArray": false,
    "primaryKey": false,
    "quickSearchEnabled": false,
    "unit": null,
    "displayValues": {},
    "rangeStep": 1,
    "__typename": "ExtendedFieldMapping"
  },
  {
    "gqlId": "cancogen_sep10::file::extended::analysis.experiment",
    "field": "analysis.experiment",
    "type": "object",
    "displayName": "Analysis Experiment",
    "active": false,
    "isArray": false,
    "primaryKey": false,
    "quickSearchEnabled": false,
    "unit": null,
    "displayValues": {},
    "rangeStep": 1,
    "__typename": "ExtendedFieldMapping"
  },
  {
    "gqlId": "cancogen_sep10::file::extended::analysis.experiment.purpose_of_sequencing",
    "field": "analysis.experiment.purpose_of_sequencing",
    "type": "keyword",
    "displayName": "Purpose Of Sequencing",
    "active": false,
    "isArray": false,
    "primaryKey": false,
    "quickSearchEnabled": false,
    "unit": null,
    "displayValues": {},
    "rangeStep": 1,
    "__typename": "ExtendedFieldMapping"
  },
  {
    "gqlId": "cancogen_sep10::file::extended::analysis.experiment.purpose_of_sequencing_details",
    "field": "analysis.experiment.purpose_of_sequencing_details",
    "type": "keyword",
    "displayName": "Purpose Of Sequencing Details",
    "active": false,
    "isArray": false,
    "primaryKey": false,
    "quickSearchEnabled": false,
    "unit": null,
    "displayValues": {},
    "rangeStep": 1,
    "__typename": "ExtendedFieldMapping"
  },
  {
    "gqlId": "cancogen_sep10::file::extended::analysis.experiment.sequencing_instrument",
    "field": "analysis.experiment.sequencing_instrument",
    "type": "keyword",
    "displayName": "Sequencing Instrument",
    "active": false,
    "isArray": false,
    "primaryKey": false,
    "quickSearchEnabled": false,
    "unit": null,
    "displayValues": {},
    "rangeStep": 1,
    "__typename": "ExtendedFieldMapping"
  },
  {
    "gqlId": "cancogen_sep10::file::extended::analysis.experiment.sequencing_protocol",
    "field": "analysis.experiment.sequencing_protocol",
    "type": "keyword",
    "displayName": "Sequencing Protocol",
    "active": false,
    "isArray": false,
    "primaryKey": false,
    "quickSearchEnabled": false,
    "unit": null,
    "displayValues": {},
    "rangeStep": 1,
    "__typename": "ExtendedFieldMapping"
  },
  {
    "gqlId": "cancogen_sep10::file::extended::analysis.first_published_at",
    "field": "analysis.first_published_at",
    "type": "date",
    "displayName": "First Published At",
    "active": false,
    "isArray": false,
    "primaryKey": false,
    "quickSearchEnabled": false,
    "unit": null,
    "displayValues": {},
    "rangeStep": 1,
    "__typename": "ExtendedFieldMapping"
  },
  {
    "gqlId": "cancogen_sep10::file::extended::analysis.host",
    "field": "analysis.host",
    "type": "object",
    "displayName": "Analysis Host",
    "active": false,
    "isArray": false,
    "primaryKey": false,
    "quickSearchEnabled": false,
    "unit": null,
    "displayValues": {},
    "rangeStep": 1,
    "__typename": "ExtendedFieldMapping"
  },
  {
    "gqlId": "cancogen_sep10::file::extended::analysis.host.host_age",
    "field": "analysis.host.host_age",
    "type": "long",
    "displayName": "Host Age",
    "active": false,
    "isArray": false,
    "primaryKey": false,
    "quickSearchEnabled": false,
    "unit": null,
    "displayValues": {},
    "rangeStep": 1,
    "__typename": "ExtendedFieldMapping"
  },
  {
    "gqlId": "cancogen_sep10::file::extended::analysis.host.host_age_bin",
    "field": "analysis.host.host_age_bin",
    "type": "keyword",
    "displayName": "Host Age Bin",
    "active": false,
    "isArray": false,
    "primaryKey": false,
    "quickSearchEnabled": false,
    "unit": null,
    "displayValues": {},
    "rangeStep": 1,
    "__typename": "ExtendedFieldMapping"
  },
  {
    "gqlId": "cancogen_sep10::file::extended::analysis.host.host_age_null_reason",
    "field": "analysis.host.host_age_null_reason",
    "type": "keyword",
    "displayName": "Host Age Null Reason",
    "active": false,
    "isArray": false,
    "primaryKey": false,
    "quickSearchEnabled": false,
    "unit": null,
    "displayValues": {},
    "rangeStep": 1,
    "__typename": "ExtendedFieldMapping"
  },
  {
    "gqlId": "cancogen_sep10::file::extended::analysis.host.host_age_unit",
    "field": "analysis.host.host_age_unit",
    "type": "keyword",
    "displayName": "Host Age Unit",
    "active": false,
    "isArray": false,
    "primaryKey": false,
    "quickSearchEnabled": false,
    "unit": null,
    "displayValues": {},
    "rangeStep": 1,
    "__typename": "ExtendedFieldMapping"
  },
  {
    "gqlId": "cancogen_sep10::file::extended::analysis.host.host_disease",
    "field": "analysis.host.host_disease",
    "type": "keyword",
    "displayName": "Host Disease",
    "active": false,
    "isArray": false,
    "primaryKey": false,
    "quickSearchEnabled": false,
    "unit": null,
    "displayValues": {},
    "rangeStep": 1,
    "__typename": "ExtendedFieldMapping"
  },
  {
    "gqlId": "cancogen_sep10::file::extended::analysis.host.host_gender",
    "field": "analysis.host.host_gender",
    "type": "keyword",
    "displayName": "Host Gender",
    "active": false,
    "isArray": false,
    "primaryKey": false,
    "quickSearchEnabled": false,
    "unit": null,
    "displayValues": {},
    "rangeStep": 1,
    "__typename": "ExtendedFieldMapping"
  },
  {
    "gqlId": "cancogen_sep10::file::extended::analysis.host.host_scientific_name",
    "field": "analysis.host.host_scientific_name",
    "type": "keyword",
    "displayName": "Host (Scientific Name)",
    "active": false,
    "isArray": false,
    "primaryKey": false,
    "quickSearchEnabled": false,
    "unit": null,
    "displayValues": {},
    "rangeStep": 1,
    "__typename": "ExtendedFieldMapping"
  },
  {
    "gqlId": "cancogen_sep10::file::extended::analysis.pathogen_diagnostic_testing",
    "field": "analysis.pathogen_diagnostic_testing",
    "type": "object",
    "displayName": "Pathogen Diagnostic Testing",
    "active": false,
    "isArray": false,
    "primaryKey": false,
    "quickSearchEnabled": false,
    "unit": null,
    "displayValues": {},
    "rangeStep": 1,
    "__typename": "ExtendedFieldMapping"
  },
  {
    "gqlId": "cancogen_sep10::file::extended::analysis.pathogen_diagnostic_testing.diagnostic_pcr_ct_value",
    "field": "analysis.pathogen_diagnostic_testing.diagnostic_pcr_ct_value",
    "type": "float",
    "displayName": "Diagnostic Pcr Ct Value",
    "active": false,
    "isArray": false,
    "primaryKey": false,
    "quickSearchEnabled": false,
    "unit": null,
    "displayValues": {},
    "rangeStep": 0.01,
    "__typename": "ExtendedFieldMapping"
  },
  {
    "gqlId": "cancogen_sep10::file::extended::analysis.pathogen_diagnostic_testing.diagnostic_pcr_ct_value_null_reason",
    "field": "analysis.pathogen_diagnostic_testing.diagnostic_pcr_ct_value_null_reason",
    "type": "keyword",
    "displayName": "Diagnostic Pcr Ct Value Null Reason",
    "active": false,
    "isArray": false,
    "primaryKey": false,
    "quickSearchEnabled": false,
    "unit": null,
    "displayValues": {},
    "rangeStep": 1,
    "__typename": "ExtendedFieldMapping"
  },
  {
    "gqlId": "cancogen_sep10::file::extended::analysis.pathogen_diagnostic_testing.gene_name",
    "field": "analysis.pathogen_diagnostic_testing.gene_name",
    "type": "keyword",
    "displayName": "Gene Name",
    "active": false,
    "isArray": false,
    "primaryKey": false,
    "quickSearchEnabled": false,
    "unit": null,
    "displayValues": {},
    "rangeStep": 1,
    "__typename": "ExtendedFieldMapping"
  },
  {
    "gqlId": "cancogen_sep10::file::extended::analysis.published_at",
    "field": "analysis.published_at",
    "type": "date",
    "displayName": "Submission Date",
    "active": true,
    "isArray": false,
    "primaryKey": false,
    "quickSearchEnabled": false,
    "unit": null,
    "displayValues": {},
    "rangeStep": 1,
    "__typename": "ExtendedFieldMapping"
  },
  {
    "gqlId": "cancogen_sep10::file::extended::analysis.sample_collection",
    "field": "analysis.sample_collection",
    "type": "object",
    "displayName": "Analysis Sample Collection",
    "active": false,
    "isArray": false,
    "primaryKey": false,
    "quickSearchEnabled": false,
    "unit": null,
    "displayValues": {},
    "rangeStep": 1,
    "__typename": "ExtendedFieldMapping"
  },
  {
    "gqlId": "cancogen_sep10::file::extended::analysis.sample_collection.anatomical_material",
    "field": "analysis.sample_collection.anatomical_material",
    "type": "keyword",
    "displayName": "Anatomical Material",
    "active": false,
    "isArray": false,
    "primaryKey": false,
    "quickSearchEnabled": false,
    "unit": null,
    "displayValues": {},
    "rangeStep": 1,
    "__typename": "ExtendedFieldMapping"
  },
  {
    "gqlId": "cancogen_sep10::file::extended::analysis.sample_collection.anatomical_part",
    "field": "analysis.sample_collection.anatomical_part",
    "type": "keyword",
    "displayName": "Anatomical Part",
    "active": false,
    "isArray": false,
    "primaryKey": false,
    "quickSearchEnabled": false,
    "unit": null,
    "displayValues": {},
    "rangeStep": 1,
    "__typename": "ExtendedFieldMapping"
  },
  {
    "gqlId": "cancogen_sep10::file::extended::analysis.sample_collection.body_product",
    "field": "analysis.sample_collection.body_product",
    "type": "keyword",
    "displayName": "Body Product",
    "active": false,
    "isArray": false,
    "primaryKey": false,
    "quickSearchEnabled": false,
    "unit": null,
    "displayValues": {},
    "rangeStep": 1,
    "__typename": "ExtendedFieldMapping"
  },
  {
    "gqlId": "cancogen_sep10::file::extended::analysis.sample_collection.collection_device",
    "field": "analysis.sample_collection.collection_device",
    "type": "keyword",
    "displayName": "Collection Device",
    "active": false,
    "isArray": false,
    "primaryKey": false,
    "quickSearchEnabled": false,
    "unit": null,
    "displayValues": {},
    "rangeStep": 1,
    "__typename": "ExtendedFieldMapping"
  },
  {
    "gqlId": "cancogen_sep10::file::extended::analysis.sample_collection.collection_method",
    "field": "analysis.sample_collection.collection_method",
    "type": "keyword",
    "displayName": "Collection Method",
    "active": false,
    "isArray": false,
    "primaryKey": false,
    "quickSearchEnabled": false,
    "unit": null,
    "displayValues": {},
    "rangeStep": 1,
    "__typename": "ExtendedFieldMapping"
  },
  {
    "gqlId": "cancogen_sep10::file::extended::analysis.sample_collection.environmental_material",
    "field": "analysis.sample_collection.environmental_material",
    "type": "keyword",
    "displayName": "Environmental Material",
    "active": false,
    "isArray": false,
    "primaryKey": false,
    "quickSearchEnabled": false,
    "unit": null,
    "displayValues": {},
    "rangeStep": 1,
    "__typename": "ExtendedFieldMapping"
  },
  {
    "gqlId": "cancogen_sep10::file::extended::analysis.sample_collection.environmental_site",
    "field": "analysis.sample_collection.environmental_site",
    "type": "keyword",
    "displayName": "Environmental Site",
    "active": false,
    "isArray": false,
    "primaryKey": false,
    "quickSearchEnabled": false,
    "unit": null,
    "displayValues": {},
    "rangeStep": 1,
    "__typename": "ExtendedFieldMapping"
  },
  {
    "gqlId": "cancogen_sep10::file::extended::analysis.sample_collection.fasta_header_name",
    "field": "analysis.sample_collection.fasta_header_name",
    "type": "keyword",
    "displayName": "Fasta Header Name",
    "active": false,
    "isArray": false,
    "primaryKey": false,
    "quickSearchEnabled": false,
    "unit": null,
    "displayValues": {},
    "rangeStep": 1,
    "__typename": "ExtendedFieldMapping"
  },
  {
    "gqlId": "cancogen_sep10::file::extended::analysis.sample_collection.geo_loc_country",
    "field": "analysis.sample_collection.geo_loc_country",
    "type": "keyword",
    "displayName": "Geo_loc_name (Country)",
    "active": false,
    "isArray": false,
    "primaryKey": false,
    "quickSearchEnabled": false,
    "unit": null,
    "displayValues": {},
    "rangeStep": 1,
    "__typename": "ExtendedFieldMapping"
  },
  {
    "gqlId": "cancogen_sep10::file::extended::analysis.sample_collection.geo_loc_province",
    "field": "analysis.sample_collection.geo_loc_province",
    "type": "keyword",
    "displayName": "Geo_loc_name (State/province/territory)",
    "active": false,
    "isArray": false,
    "primaryKey": false,
    "quickSearchEnabled": false,
    "unit": null,
    "displayValues": {},
    "rangeStep": 1,
    "__typename": "ExtendedFieldMapping"
  },
  {
    "gqlId": "cancogen_sep10::file::extended::analysis.sample_collection.isolate",
    "field": "analysis.sample_collection.isolate",
    "type": "keyword",
    "displayName": "Isolate",
    "active": false,
    "isArray": false,
    "primaryKey": false,
    "quickSearchEnabled": false,
    "unit": null,
    "displayValues": {},
    "rangeStep": 1,
    "__typename": "ExtendedFieldMapping"
  },
  {
    "gqlId": "cancogen_sep10::file::extended::analysis.sample_collection.organism",
    "field": "analysis.sample_collection.organism",
    "type": "keyword",
    "displayName": "Organism",
    "active": false,
    "isArray": false,
    "primaryKey": false,
    "quickSearchEnabled": false,
    "unit": null,
    "displayValues": {},
    "rangeStep": 1,
    "__typename": "ExtendedFieldMapping"
  },
  {
    "gqlId": "cancogen_sep10::file::extended::analysis.sample_collection.purpose_of_sampling",
    "field": "analysis.sample_collection.purpose_of_sampling",
    "type": "keyword",
    "displayName": "Purpose Of Sampling",
    "active": false,
    "isArray": false,
    "primaryKey": false,
    "quickSearchEnabled": false,
    "unit": null,
    "displayValues": {},
    "rangeStep": 1,
    "__typename": "ExtendedFieldMapping"
  },
  {
    "gqlId": "cancogen_sep10::file::extended::analysis.sample_collection.purpose_of_sampling_details",
    "field": "analysis.sample_collection.purpose_of_sampling_details",
    "type": "keyword",
    "displayName": "Purpose Of Sampling Details",
    "active": false,
    "isArray": false,
    "primaryKey": false,
    "quickSearchEnabled": false,
    "unit": null,
    "displayValues": {},
    "rangeStep": 1,
    "__typename": "ExtendedFieldMapping"
  },
  {
    "gqlId": "cancogen_sep10::file::extended::analysis.sample_collection.sample_collected_by",
    "field": "analysis.sample_collection.sample_collected_by",
    "type": "keyword",
    "displayName": "Sample Collected By",
    "active": false,
    "isArray": false,
    "primaryKey": false,
    "quickSearchEnabled": false,
    "unit": null,
    "displayValues": {},
    "rangeStep": 1,
    "__typename": "ExtendedFieldMapping"
  },
  {
    "gqlId": "cancogen_sep10::file::extended::analysis.sample_collection.sample_collection_date",
    "field": "analysis.sample_collection.sample_collection_date",
    "type": "date",
    "displayName": "Sample Collection Date",
    "active": true,
    "isArray": false,
    "primaryKey": false,
    "quickSearchEnabled": false,
    "unit": null,
    "displayValues": {},
    "rangeStep": 1,
    "__typename": "ExtendedFieldMapping"
  },
  {
    "gqlId": "cancogen_sep10::file::extended::analysis.sample_collection.sample_collection_date_null_reason",
    "field": "analysis.sample_collection.sample_collection_date_null_reason",
    "type": "keyword",
    "displayName": "Sample Collection Date Null Reason",
    "active": true,
    "isArray": false,
    "primaryKey": false,
    "quickSearchEnabled": false,
    "unit": null,
    "displayValues": {},
    "rangeStep": 1,
    "__typename": "ExtendedFieldMapping"
  },
  {
    "gqlId": "cancogen_sep10::file::extended::analysis.sample_collection.sequence_submitted_by",
    "field": "analysis.sample_collection.sequence_submitted_by",
    "type": "keyword",
    "displayName": "Sequence Submitted By",
    "active": false,
    "isArray": false,
    "primaryKey": false,
    "quickSearchEnabled": false,
    "unit": null,
    "displayValues": {},
    "rangeStep": 1,
    "__typename": "ExtendedFieldMapping"
  },
  {
    "gqlId": "cancogen_sep10::file::extended::analysis.sequence_analysis",
    "field": "analysis.sequence_analysis",
    "type": "object",
    "displayName": "Sequence Analysis",
    "active": false,
    "isArray": false,
    "primaryKey": false,
    "quickSearchEnabled": false,
    "unit": null,
    "displayValues": {},
    "rangeStep": 1,
    "__typename": "ExtendedFieldMapping"
  },
  {
    "gqlId": "cancogen_sep10::file::extended::analysis.sequence_analysis.bioinformatics_protocol",
    "field": "analysis.sequence_analysis.bioinformatics_protocol",
    "type": "keyword",
    "displayName": "Bioinformatics Protocol",
    "active": false,
    "isArray": false,
    "primaryKey": false,
    "quickSearchEnabled": false,
    "unit": null,
    "displayValues": {},
    "rangeStep": 1,
    "__typename": "ExtendedFieldMapping"
  },
  {
    "gqlId": "cancogen_sep10::file::extended::analysis.sequence_analysis.consensus_sequence_software_name",
    "field": "analysis.sequence_analysis.consensus_sequence_software_name",
    "type": "keyword",
    "displayName": "Consensus Sequence Software Name",
    "active": false,
    "isArray": false,
    "primaryKey": false,
    "quickSearchEnabled": false,
    "unit": null,
    "displayValues": {},
    "rangeStep": 1,
    "__typename": "ExtendedFieldMapping"
  },
  {
    "gqlId": "cancogen_sep10::file::extended::analysis.sequence_analysis.consensus_sequence_software_version",
    "field": "analysis.sequence_analysis.consensus_sequence_software_version",
    "type": "keyword",
    "displayName": "Consensus Sequence Software Version",
    "active": false,
    "isArray": false,
    "primaryKey": false,
    "quickSearchEnabled": false,
    "unit": null,
    "displayValues": {},
    "rangeStep": 1,
    "__typename": "ExtendedFieldMapping"
  },
  {
    "gqlId": "cancogen_sep10::file::extended::analysis.sequence_analysis.dehosting_method",
    "field": "analysis.sequence_analysis.dehosting_method",
    "type": "keyword",
    "displayName": "Dehosting Method",
    "active": false,
    "isArray": false,
    "primaryKey": false,
    "quickSearchEnabled": false,
    "unit": null,
    "displayValues": {},
    "rangeStep": 1,
    "__typename": "ExtendedFieldMapping"
  },
  {
    "gqlId": "cancogen_sep10::file::extended::analysis.sequence_analysis.metrics",
    "field": "analysis.sequence_analysis.metrics",
    "type": "object",
    "displayName": "Metrics",
    "active": false,
    "isArray": false,
    "primaryKey": false,
    "quickSearchEnabled": false,
    "unit": null,
    "displayValues": {},
    "rangeStep": 1,
    "__typename": "ExtendedFieldMapping"
  },
  {
    "gqlId": "cancogen_sep10::file::extended::analysis.sequence_analysis.metrics.breadth_of_coverage",
    "field": "analysis.sequence_analysis.metrics.breadth_of_coverage",
    "type": "keyword",
    "displayName": "Breadth Of Coverage Value",
    "active": false,
    "isArray": false,
    "primaryKey": false,
    "quickSearchEnabled": false,
    "unit": null,
    "displayValues": {},
    "rangeStep": 1,
    "__typename": "ExtendedFieldMapping"
  },
  {
    "gqlId": "cancogen_sep10::file::extended::analysis.sequence_analysis.metrics.depth_of_coverage",
    "field": "analysis.sequence_analysis.metrics.depth_of_coverage",
    "type": "keyword",
    "displayName": "Depth Of Coverage Value",
    "active": false,
    "isArray": false,
    "primaryKey": false,
    "quickSearchEnabled": false,
    "unit": null,
    "displayValues": {},
    "rangeStep": 1,
    "__typename": "ExtendedFieldMapping"
  },
  {
    "gqlId": "cancogen_sep10::file::extended::analysis.sequence_analysis.raw_sequence_data_processing_method",
    "field": "analysis.sequence_analysis.raw_sequence_data_processing_method",
    "type": "keyword",
    "displayName": "Raw Sequence Data Processing Method",
    "active": false,
    "isArray": false,
    "primaryKey": false,
    "quickSearchEnabled": false,
    "unit": null,
    "displayValues": {},
    "rangeStep": 1,
    "__typename": "ExtendedFieldMapping"
  },
  {
    "gqlId": "cancogen_sep10::file::extended::analysis.sequence_analysis.reference_genome_accession",
    "field": "analysis.sequence_analysis.reference_genome_accession",
    "type": "keyword",
    "displayName": "Reference Genome Accession",
    "active": false,
    "isArray": false,
    "primaryKey": false,
    "quickSearchEnabled": false,
    "unit": null,
    "displayValues": {},
    "rangeStep": 1,
    "__typename": "ExtendedFieldMapping"
  },
  {
    "gqlId": "cancogen_sep10::file::extended::analysis.updated_at",
    "field": "analysis.updated_at",
    "type": "date",
    "displayName": "Analysis Updated At",
    "active": false,
    "isArray": false,
    "primaryKey": false,
    "quickSearchEnabled": false,
    "unit": null,
    "displayValues": {},
    "rangeStep": 1,
    "__typename": "ExtendedFieldMapping"
  },
  {
    "gqlId": "cancogen_sep10::file::extended::data_type",
    "field": "data_type",
    "type": "keyword",
    "displayName": "Data Type",
    "active": false,
    "isArray": false,
    "primaryKey": false,
    "quickSearchEnabled": false,
    "unit": null,
    "displayValues": {},
    "rangeStep": 1,
    "__typename": "ExtendedFieldMapping"
  },
  {
    "gqlId": "cancogen_sep10::file::extended::donors",
    "field": "donors",
    "type": "nested",
    "displayName": "Donors",
    "active": false,
    "isArray": false,
    "primaryKey": false,
    "quickSearchEnabled": false,
    "unit": null,
    "displayValues": {},
    "rangeStep": 1,
    "__typename": "ExtendedFieldMapping"
  },
  {
    "gqlId": "cancogen_sep10::file::extended::donors.donor_id",
    "field": "donors.donor_id",
    "type": "id",
    "displayName": "Donor ID",
    "active": false,
    "isArray": false,
    "primaryKey": false,
    "quickSearchEnabled": false,
    "unit": null,
    "displayValues": {},
    "rangeStep": 1,
    "__typename": "ExtendedFieldMapping"
  },
  {
    "gqlId": "cancogen_sep10::file::extended::donors.gender",
    "field": "donors.gender",
    "type": "keyword",
    "displayName": "Gender",
    "active": false,
    "isArray": false,
    "primaryKey": false,
    "quickSearchEnabled": false,
    "unit": null,
    "displayValues": {},
    "rangeStep": 1,
    "__typename": "ExtendedFieldMapping"
  },
  {
    "gqlId": "cancogen_sep10::file::extended::donors.specimens",
    "field": "donors.specimens",
    "type": "nested",
    "displayName": "Donors Specimens",
    "active": false,
    "isArray": false,
    "primaryKey": false,
    "quickSearchEnabled": false,
    "unit": null,
    "displayValues": {},
    "rangeStep": 1,
    "__typename": "ExtendedFieldMapping"
  },
  {
    "gqlId": "cancogen_sep10::file::extended::donors.specimens.samples",
    "field": "donors.specimens.samples",
    "type": "nested",
    "displayName": "Donors Specimens Samples",
    "active": false,
    "isArray": false,
    "primaryKey": false,
    "quickSearchEnabled": false,
    "unit": null,
    "displayValues": {},
    "rangeStep": 1,
    "__typename": "ExtendedFieldMapping"
  },
  {
    "gqlId": "cancogen_sep10::file::extended::donors.specimens.samples.matched_normal_submitter_sample_id",
    "field": "donors.specimens.samples.matched_normal_submitter_sample_id",
    "type": "id",
    "displayName": "Matched Normal Submitter Sample Id",
    "active": false,
    "isArray": false,
    "primaryKey": false,
    "quickSearchEnabled": false,
    "unit": null,
    "displayValues": {},
    "rangeStep": 1,
    "__typename": "ExtendedFieldMapping"
  },
  {
    "gqlId": "cancogen_sep10::file::extended::donors.specimens.samples.sample_id",
    "field": "donors.specimens.samples.sample_id",
    "type": "id",
    "displayName": "Sample ID",
    "active": false,
    "isArray": false,
    "primaryKey": false,
    "quickSearchEnabled": false,
    "unit": null,
    "displayValues": {},
    "rangeStep": 1,
    "__typename": "ExtendedFieldMapping"
  },
  {
    "gqlId": "cancogen_sep10::file::extended::donors.specimens.samples.sample_type",
    "field": "donors.specimens.samples.sample_type",
    "type": "keyword",
    "displayName": "Sample Type",
    "active": false,
    "isArray": false,
    "primaryKey": false,
    "quickSearchEnabled": false,
    "unit": null,
    "displayValues": {},
    "rangeStep": 1,
    "__typename": "ExtendedFieldMapping"
  },
  {
    "gqlId": "cancogen_sep10::file::extended::donors.specimens.samples.submitter_sample_id",
    "field": "donors.specimens.samples.submitter_sample_id",
    "type": "id",
    "displayName": "Submitter Sample Id",
    "active": false,
    "isArray": false,
    "primaryKey": false,
    "quickSearchEnabled": false,
    "unit": null,
    "displayValues": {},
    "rangeStep": 1,
    "__typename": "ExtendedFieldMapping"
  },
  {
    "gqlId": "cancogen_sep10::file::extended::donors.specimens.specimen_id",
    "field": "donors.specimens.specimen_id",
    "type": "id",
    "displayName": "Specimen ID",
    "active": false,
    "isArray": false,
    "primaryKey": false,
    "quickSearchEnabled": false,
    "unit": null,
    "displayValues": {},
    "rangeStep": 1,
    "__typename": "ExtendedFieldMapping"
  },
  {
    "gqlId": "cancogen_sep10::file::extended::donors.specimens.specimen_tissue_source",
    "field": "donors.specimens.specimen_tissue_source",
    "type": "keyword",
    "displayName": "Specimen Tissue Source",
    "active": false,
    "isArray": false,
    "primaryKey": false,
    "quickSearchEnabled": false,
    "unit": null,
    "displayValues": {},
    "rangeStep": 1,
    "__typename": "ExtendedFieldMapping"
  },
  {
    "gqlId": "cancogen_sep10::file::extended::donors.specimens.specimen_type",
    "field": "donors.specimens.specimen_type",
    "type": "keyword",
    "displayName": "Specimen Type",
    "active": false,
    "isArray": false,
    "primaryKey": false,
    "quickSearchEnabled": false,
    "unit": null,
    "displayValues": {},
    "rangeStep": 1,
    "__typename": "ExtendedFieldMapping"
  },
  {
    "gqlId": "cancogen_sep10::file::extended::donors.specimens.submitter_specimen_id",
    "field": "donors.specimens.submitter_specimen_id",
    "type": "keyword",
    "displayName": "Specimen Collector Sample ID",
    "active": true,
    "isArray": false,
    "primaryKey": false,
    "quickSearchEnabled": false,
    "unit": null,
    "displayValues": {},
    "rangeStep": 1,
    "__typename": "ExtendedFieldMapping"
  },
  {
    "gqlId": "cancogen_sep10::file::extended::donors.specimens.tumour_normal_designation",
    "field": "donors.specimens.tumour_normal_designation",
    "type": "keyword",
    "displayName": "Tumour Normal Designation",
    "active": false,
    "isArray": false,
    "primaryKey": false,
    "quickSearchEnabled": false,
    "unit": null,
    "displayValues": {},
    "rangeStep": 1,
    "__typename": "ExtendedFieldMapping"
  },
  {
    "gqlId": "cancogen_sep10::file::extended::donors.submitter_donor_id",
    "field": "donors.submitter_donor_id",
    "type": "id",
    "displayName": "Submitter Donor ID",
    "active": false,
    "isArray": false,
    "primaryKey": false,
    "quickSearchEnabled": false,
    "unit": null,
    "displayValues": {},
    "rangeStep": 1,
    "__typename": "ExtendedFieldMapping"
  },
  {
    "gqlId": "cancogen_sep10::file::extended::file",
    "field": "file",
    "type": "object",
    "displayName": "File",
    "active": false,
    "isArray": false,
    "primaryKey": false,
    "quickSearchEnabled": false,
    "unit": null,
    "displayValues": {},
    "rangeStep": 1,
    "__typename": "ExtendedFieldMapping"
  },
  {
    "gqlId": "cancogen_sep10::file::extended::file.index_file",
    "field": "file.index_file",
    "type": "object",
    "displayName": "Index File",
    "active": false,
    "isArray": false,
    "primaryKey": false,
    "quickSearchEnabled": false,
    "unit": null,
    "displayValues": {},
    "rangeStep": 1,
    "__typename": "ExtendedFieldMapping"
  },
  {
    "gqlId": "cancogen_sep10::file::extended::file.index_file.file_type",
    "field": "file.index_file.file_type",
    "type": "keyword",
    "displayName": "Index File Type",
    "active": false,
    "isArray": false,
    "primaryKey": false,
    "quickSearchEnabled": false,
    "unit": null,
    "displayValues": {},
    "rangeStep": 1,
    "__typename": "ExtendedFieldMapping"
  },
  {
    "gqlId": "cancogen_sep10::file::extended::file.index_file.md5sum",
    "field": "file.index_file.md5sum",
    "type": "keyword",
    "displayName": "Index File Md5Sum",
    "active": false,
    "isArray": false,
    "primaryKey": false,
    "quickSearchEnabled": false,
    "unit": null,
    "displayValues": {},
    "rangeStep": 1,
    "__typename": "ExtendedFieldMapping"
  },
  {
    "gqlId": "cancogen_sep10::file::extended::file.index_file.name",
    "field": "file.index_file.name",
    "type": "keyword",
    "displayName": "Index File Name",
    "active": false,
    "isArray": false,
    "primaryKey": false,
    "quickSearchEnabled": false,
    "unit": null,
    "displayValues": {},
    "rangeStep": 1,
    "__typename": "ExtendedFieldMapping"
  },
  {
    "gqlId": "cancogen_sep10::file::extended::file.index_file.object_id",
    "field": "file.index_file.object_id",
    "type": "id",
    "displayName": "Index File Object Id",
    "active": false,
    "isArray": false,
    "primaryKey": false,
    "quickSearchEnabled": false,
    "unit": null,
    "displayValues": {},
    "rangeStep": 1,
    "__typename": "ExtendedFieldMapping"
  },
  {
    "gqlId": "cancogen_sep10::file::extended::file.index_file.size",
    "field": "file.index_file.size",
    "type": "long",
    "displayName": "Index File Size",
    "active": false,
    "isArray": false,
    "primaryKey": false,
    "quickSearchEnabled": false,
    "unit": null,
    "displayValues": {},
    "rangeStep": 1,
    "__typename": "ExtendedFieldMapping"
  },
  {
    "gqlId": "cancogen_sep10::file::extended::file.md5sum",
    "field": "file.md5sum",
    "type": "keyword",
    "displayName": "File Md5Sum",
    "active": false,
    "isArray": false,
    "primaryKey": false,
    "quickSearchEnabled": false,
    "unit": null,
    "displayValues": {},
    "rangeStep": 1,
    "__typename": "ExtendedFieldMapping"
  },
  {
    "gqlId": "cancogen_sep10::file::extended::file.name",
    "field": "file.name",
    "type": "keyword",
    "displayName": "File Name",
    "active": false,
    "isArray": false,
    "primaryKey": false,
    "quickSearchEnabled": false,
    "unit": null,
    "displayValues": {},
    "rangeStep": 1,
    "__typename": "ExtendedFieldMapping"
  },
  {
    "gqlId": "cancogen_sep10::file::extended::file.size",
    "field": "file.size",
    "type": "long",
    "displayName": "File Size",
    "active": false,
    "isArray": false,
    "primaryKey": false,
    "quickSearchEnabled": false,
    "unit": null,
    "displayValues": {},
    "rangeStep": 1,
    "__typename": "ExtendedFieldMapping"
  },
  {
    "gqlId": "cancogen_sep10::file::extended::file_access",
    "field": "file_access",
    "type": "keyword",
    "displayName": "File Access",
    "active": false,
    "isArray": false,
    "primaryKey": false,
    "quickSearchEnabled": false,
    "unit": null,
    "displayValues": {},
    "rangeStep": 1,
    "__typename": "ExtendedFieldMapping"
  },
  {
    "gqlId": "cancogen_sep10::file::extended::file_autocomplete",
    "field": "file_autocomplete",
    "type": "keyword",
    "displayName": "File Autocomplete",
    "active": false,
    "isArray": false,
    "primaryKey": false,
    "quickSearchEnabled": false,
    "unit": null,
    "displayValues": {},
    "rangeStep": 1,
    "__typename": "ExtendedFieldMapping"
  },
  {
    "gqlId": "cancogen_sep10::file::extended::file_type",
    "field": "file_type",
    "type": "keyword",
    "displayName": "File Type",
    "active": false,
    "isArray": false,
    "primaryKey": false,
    "quickSearchEnabled": false,
    "unit": null,
    "displayValues": {},
    "rangeStep": 1,
    "__typename": "ExtendedFieldMapping"
  },
  {
    "gqlId": "cancogen_sep10::file::extended::object_id",
    "field": "object_id",
    "type": "id",
    "displayName": "Object ID",
    "active": false,
    "isArray": false,
    "primaryKey": false,
    "quickSearchEnabled": false,
    "unit": null,
    "displayValues": {},
    "rangeStep": 1,
    "__typename": "ExtendedFieldMapping"
  },
  {
    "gqlId": "cancogen_sep10::file::extended::repositories",
    "field": "repositories",
    "type": "nested",
    "displayName": "Repositories",
    "active": false,
    "isArray": false,
    "primaryKey": false,
    "quickSearchEnabled": false,
    "unit": null,
    "displayValues": {},
    "rangeStep": 1,
    "__typename": "ExtendedFieldMapping"
  },
  {
    "gqlId": "cancogen_sep10::file::extended::repositories.code",
    "field": "repositories.code",
    "type": "keyword",
    "displayName": "Repositories Code",
    "active": false,
    "isArray": false,
    "primaryKey": false,
    "quickSearchEnabled": false,
    "unit": null,
    "displayValues": {},
    "rangeStep": 1,
    "__typename": "ExtendedFieldMapping"
  },
  {
    "gqlId": "cancogen_sep10::file::extended::repositories.country",
    "field": "repositories.country",
    "type": "keyword",
    "displayName": "Repositories Country",
    "active": false,
    "isArray": false,
    "primaryKey": false,
    "quickSearchEnabled": false,
    "unit": null,
    "displayValues": {},
    "rangeStep": 1,
    "__typename": "ExtendedFieldMapping"
  },
  {
    "gqlId": "cancogen_sep10::file::extended::repositories.name",
    "field": "repositories.name",
    "type": "keyword",
    "displayName": "Repositories Name",
    "active": false,
    "isArray": false,
    "primaryKey": false,
    "quickSearchEnabled": false,
    "unit": null,
    "displayValues": {},
    "rangeStep": 1,
    "__typename": "ExtendedFieldMapping"
  },
  {
    "gqlId": "cancogen_sep10::file::extended::repositories.organization",
    "field": "repositories.organization",
    "type": "keyword",
    "displayName": "Repositories Organization",
    "active": false,
    "isArray": false,
    "primaryKey": false,
    "quickSearchEnabled": false,
    "unit": null,
    "displayValues": {},
    "rangeStep": 1,
    "__typename": "ExtendedFieldMapping"
  },
  {
    "gqlId": "cancogen_sep10::file::extended::repositories.url",
    "field": "repositories.url",
    "type": "keyword",
    "displayName": "Repositories Url",
    "active": false,
    "isArray": false,
    "primaryKey": false,
    "quickSearchEnabled": false,
    "unit": null,
    "displayValues": {},
    "rangeStep": 1,
    "__typename": "ExtendedFieldMapping"
  },
  {
    "gqlId": "cancogen_sep10::file::extended::study_id",
    "field": "study_id",
    "type": "keyword",
    "displayName": "Study ID",
    "active": true,
    "isArray": false,
    "primaryKey": false,
    "quickSearchEnabled": false,
    "unit": null,
    "displayValues": {},
    "rangeStep": 1,
    "__typename": "ExtendedFieldMapping"
  }
]