{
  "type": "file",
  "keyField": "id",
  "defaultSorted": [
    {
      "id": "analysis.analysis_id",
      "desc": false,
      "__typename": "ColumnSort"
    }
  ],
  "columns": [
    {
      "show": false,
      "type": "string",
      "sortable": true,
      "canChangeShow": false,
      "query": null,
      "jsonPath": null,
      "id": null,
      "field": "analysis.lineage_analysis.lineage_analysis_software_name",
      "accessor": "analysis.lineage_analysis.lineage_analysis_software_name",
      "__typename": "Column"
    },
    {
      "show": false,
      "type": "string",
      "sortable": true,
      "canChangeShow": false,
      "query": null,
      "jsonPath": null,
      "id": null,
      "field": "analysis.lineage_analysis.lineage_analysis_software_version",
      "accessor": "analysis.lineage_analysis.lineage_analysis_software_version",
      "__typename": "Column"
    },
    {
      "show": false,
      "type": "string",
      "sortable": true,
      "canChangeShow": false,
      "query": null,
      "jsonPath": null,
      "id": null,
      "field": "analysis.lineage_analysis.lineage_name",
      "accessor": "analysis.lineage_analysis.lineage_name",
      "__typename": "Column"
    },
    {
      "show": false,
      "type": "string",
      "sortable": true,
      "canChangeShow": false,
      "query": null,
      "jsonPath": null,
      "id": null,
      "field": "analysis.lineage_analysis.variant_designation",
      "accessor": "analysis.lineage_analysis.variant_designation",
      "__typename": "Column"
    },
    {
      "show": false,
      "type": "string",
      "sortable": true,
      "canChangeShow": false,
      "query": null,
      "jsonPath": null,
      "id": null,
      "field": "analysis.lineage_analysis.variant_evidence",
      "accessor": "analysis.lineage_analysis.variant_evidence",
      "__typename": "Column"
    },
    {
      "show": false,
      "type": "string",
      "sortable": true,
      "canChangeShow": false,
      "query": null,
      "jsonPath": null,
      "id": null,
      "field": "analysis.sample_collection.nml_submitted_specimen_type",
      "accessor": "analysis.sample_collection.nml_submitted_specimen_type",
      "__typename": "Column"
    },
    {
      "show": true,
      "type": "string",
      "sortable": true,
      "canChangeShow": true,
      "query": null,
      "jsonPath": null,
      "id": null,
      "field": "study_id",
      "accessor": "study_id",
      "__typename": "Column"
    },
    {
      "show": false,
      "type": "date",
      "sortable": true,
      "canChangeShow": false,
      "query": null,
      "jsonPath": null,
      "id": null,
      "field": "analysis.published_at",
      "accessor": "analysis.published_at",
      "__typename": "Column"
    },
    {
      "show": true,
      "type": "list",
      "sortable": true,
      "canChangeShow": true,
      "query": "donors {\n                hits {\n                edges {\n                node {\n                specimens {\n                hits {\n                edges {\n                node {\n                submitter_specimen_id\n              }\n              }\n              }\n              }\n              }\n              }\n              }\n              }",
      "jsonPath": "$.donors.hits.edges[*].node.specimens.hits.edges[*].node.submitter_specimen_id",
      "id": null,
      "field": "donors.specimens.submitter_specimen_id",
      "accessor": null,
      "__typename": "Column"
    },
    {
      "show": false,
      "type": "string",
      "sortable": true,
      "canChangeShow": true,
      "query": null,
      "jsonPath": null,
      "id": null,
      "field": "analysis.sample_collection.sample_collected_by",
      "accessor": "analysis.sample_collection.sample_collected_by",
      "__typename": "Column"
    },
    {
      "show": false,
      "type": "string",
      "sortable": true,
      "canChangeShow": true,
      "query": null,
      "jsonPath": null,
      "id": null,
      "field": "analysis.sample_collection.sequence_submitted_by",
      "accessor": "analysis.sample_collection.sequence_submitted_by",
      "__typename": "Column"
    },
    {
      "show": true,
      "type": "date",
      "sortable": true,
      "canChangeShow": true,
      "query": null,
      "jsonPath": null,
      "id": null,
      "field": "analysis.sample_collection.sample_collection_date",
      "accessor": "analysis.sample_collection.sample_collection_date",
      "__typename": "Column"
    },
    {
      "show": false,
      "type": "string",
      "sortable": true,
      "canChangeShow": false,
      "query": null,
      "jsonPath": null,
      "id": null,
      "field": "analysis.sample_collection.sample_collection_date_precision",
      "accessor": "analysis.sample_collection.sample_collection_date_precision",
      "__typename": "Column"
    },
    {
      "show": false,
      "type": "string",
      "sortable": true,
      "canChangeShow": true,
      "query": null,
      "jsonPath": null,
      "id": null,
      "field": "analysis.sample_collection.geo_loc_country",
      "accessor": "analysis.sample_collection.geo_loc_country",
      "__typename": "Column"
    },
    {
      "show": true,
      "type": "string",
      "sortable": true,
      "canChangeShow": true,
      "query": null,
      "jsonPath": null,
      "id": null,
      "field": "analysis.sample_collection.geo_loc_province",
      "accessor": "analysis.sample_collection.geo_loc_province",
      "__typename": "Column"
    },
    {
      "show": false,
      "type": "string",
      "sortable": true,
      "canChangeShow": true,
      "query": null,
      "jsonPath": null,
      "id": null,
      "field": "analysis.sample_collection.geo_loc_city",
      "accessor": "analysis.sample_collection.geo_loc_city",
      "__typename": "Column"
    },
    {
      "show": false,
      "type": "string",
      "sortable": true,
      "canChangeShow": true,
      "query": null,
      "jsonPath": null,
      "id": null,
      "field": "analysis.sample_collection.organism",
      "accessor": "analysis.sample_collection.organism",
      "__typename": "Column"
    },
    {
      "show": false,
      "type": "string",
      "sortable": true,
      "canChangeShow": true,
      "query": null,
      "jsonPath": null,
      "id": null,
      "field": "analysis.sample_collection.isolate",
      "accessor": "analysis.sample_collection.isolate",
      "__typename": "Column"
    },
    {
      "show": true,
      "type": "string",
      "sortable": true,
      "canChangeShow": true,
      "query": null,
      "jsonPath": null,
      "id": null,
      "field": "analysis.sample_collection.purpose_of_sampling",
      "accessor": "analysis.sample_collection.purpose_of_sampling",
      "__typename": "Column"
    },
    {
      "show": false,
      "type": "string",
      "sortable": true,
      "canChangeShow": false,
      "query": null,
      "jsonPath": null,
      "id": null,
      "field": "analysis.sample_collection.purpose_of_sampling_details",
      "accessor": "analysis.sample_collection.purpose_of_sampling_details",
      "__typename": "Column"
    },
    {
      "show": false,
      "type": "string",
      "sortable": true,
      "canChangeShow": true,
      "query": null,
      "jsonPath": null,
      "id": null,
      "field": "analysis.sample_collection.anatomical_material",
      "accessor": "analysis.sample_collection.anatomical_material",
      "__typename": "Column"
    },
    {
      "show": false,
      "type": "string",
      "sortable": true,
      "canChangeShow": true,
      "query": null,
      "jsonPath": null,
      "id": null,
      "field": "analysis.sample_collection.anatomical_part",
      "accessor": "analysis.sample_collection.anatomical_part",
      "__typename": "Column"
    },
    {
      "show": false,
      "type": "string",
      "sortable": true,
      "canChangeShow": true,
      "query": null,
      "jsonPath": null,
      "id": null,
      "field": "analysis.sample_collection.body_product",
      "accessor": "analysis.sample_collection.body_product",
      "__typename": "Column"
    },
    {
      "show": false,
      "type": "string",
      "sortable": true,
      "canChangeShow": true,
      "query": null,
      "jsonPath": null,
      "id": null,
      "field": "analysis.sample_collection.environmental_site",
      "accessor": "analysis.sample_collection.environmental_site",
      "__typename": "Column"
    },
    {
      "show": false,
      "type": "string",
      "sortable": true,
      "canChangeShow": true,
      "query": null,
      "jsonPath": null,
      "id": null,
      "field": "analysis.sample_collection.collection_device",
      "accessor": "analysis.sample_collection.collection_device",
      "__typename": "Column"
    },
    {
      "show": false,
      "type": "string",
      "sortable": true,
      "canChangeShow": true,
      "query": null,
      "jsonPath": null,
      "id": null,
      "field": "analysis.sample_collection.collection_method",
      "accessor": "analysis.sample_collection.collection_method",
      "__typename": "Column"
    },
    {
      "show": false,
      "type": "string",
      "sortable": true,
      "canChangeShow": true,
      "query": null,
      "jsonPath": null,
      "id": null,
      "field": "analysis.host.host_scientific_name",
      "accessor": "analysis.host.host_scientific_name",
      "__typename": "Column"
    },
    {
      "show": false,
      "type": "string",
      "sortable": true,
      "canChangeShow": true,
      "query": null,
      "jsonPath": null,
      "id": null,
      "field": "analysis.host.host_disease",
      "accessor": "analysis.host.host_disease",
      "__typename": "Column"
    },
    {
      "show": true,
      "type": "number",
      "sortable": true,
      "canChangeShow": true,
      "query": null,
      "jsonPath": null,
      "id": null,
      "field": "analysis.host.host_age",
      "accessor": "analysis.host.host_age",
      "__typename": "Column"
    },
    {
      "show": true,
      "type": "string",
      "sortable": true,
      "canChangeShow": true,
      "query": null,
      "jsonPath": null,
      "id": null,
      "field": "analysis.host.host_age_bin",
      "accessor": "analysis.host.host_age_bin",
      "__typename": "Column"
    },
    {
      "show": false,
      "type": "string",
      "sortable": true,
      "canChangeShow": true,
      "query": null,
      "jsonPath": null,
      "id": null,
      "field": "analysis.host.host_age_unit",
      "accessor": "analysis.host.host_age_unit",
      "__typename": "Column"
    },
    {
      "show": true,
      "type": "string",
      "sortable": true,
      "canChangeShow": true,
      "query": null,
      "jsonPath": null,
      "id": null,
      "field": "analysis.host.host_gender",
      "accessor": "analysis.host.host_gender",
      "__typename": "Column"
    },
    {
      "show": true,
      "type": "string",
      "sortable": true,
      "canChangeShow": true,
      "query": null,
      "jsonPath": null,
      "id": null,
      "field": "analysis.experiment.purpose_of_sequencing",
      "accessor": "analysis.experiment.purpose_of_sequencing",
      "__typename": "Column"
    },
    {
      "show": false,
      "type": "string",
      "sortable": true,
      "canChangeShow": true,
      "query": null,
      "jsonPath": null,
      "id": null,
      "field": "analysis.experiment.purpose_of_sequencing_details",
      "accessor": "analysis.experiment.purpose_of_sequencing_details",
      "__typename": "Column"
    },
    {
      "show": true,
      "type": "string",
      "sortable": true,
      "canChangeShow": true,
      "query": null,
      "jsonPath": null,
      "id": null,
      "field": "analysis.experiment.sequencing_instrument",
      "accessor": "analysis.experiment.sequencing_instrument",
      "__typename": "Column"
    },
    {
      "show": false,
      "type": "date",
      "sortable": true,
      "canChangeShow": true,
      "query": null,
      "jsonPath": null,
      "id": null,
      "field": "analysis.experiment.sequencing_date",
      "accessor": "analysis.experiment.sequencing_date",
      "__typename": "Column"
    },
    {
      "show": true,
      "type": "string",
      "sortable": true,
      "canChangeShow": true,
      "query": null,
      "jsonPath": null,
      "id": null,
      "field": "analysis.sequence_analysis.consensus_sequence_software_name",
      "accessor": "analysis.sequence_analysis.consensus_sequence_software_name",
      "__typename": "Column"
    },
    {
      "show": false,
      "type": "number",
      "sortable": true,
      "canChangeShow": true,
      "query": null,
      "jsonPath": null,
      "id": null,
      "field": "analysis.sequence_analysis.consensus_sequence_software_version",
      "accessor": "analysis.sequence_analysis.consensus_sequence_software_version",
      "__typename": "Column"
    },
    {
      "show": false,
      "type": "string",
      "sortable": true,
      "canChangeShow": false,
      "query": null,
      "jsonPath": null,
      "id": null,
      "field": "analysis.sequence_analysis.dehosting_method",
      "accessor": "analysis.sequence_analysis.dehosting_method",
      "__typename": "Column"
    },
    {
      "show": false,
      "type": "number",
      "sortable": true,
      "canChangeShow": false,
      "query": null,
      "jsonPath": null,
      "id": null,
      "field": "analysis.sequence_analysis.metrics.Ns_per_100kbp",
      "accessor": "analysis.sequence_analysis.metrics.Ns_per_100kbp",
      "__typename": "Column"
    },
    {
      "show": false,
      "type": "string",
      "sortable": true,
      "canChangeShow": false,
      "query": null,
      "jsonPath": null,
      "id": null,
      "field": "analysis.sample_collection.environmental_material",
      "accessor": "analysis.sample_collection.environmental_material",
      "__typename": "Column"
    },
    {
      "show": false,
      "type": "string",
      "sortable": true,
      "canChangeShow": false,
      "query": null,
      "jsonPath": null,
      "id": null,
      "field": "analysis.sequence_analysis.metrics.breadth_of_coverage",
      "accessor": "analysis.sequence_analysis.metrics.breadth_of_coverage",
      "__typename": "Column"
    },
    {
      "show": false,
      "type": "number",
      "sortable": true,
      "canChangeShow": false,
      "query": null,
      "jsonPath": null,
      "id": null,
      "field": "analysis.sequence_analysis.metrics.consensus_genome_length",
      "accessor": "analysis.sequence_analysis.metrics.consensus_genome_length",
      "__typename": "Column"
    },
    {
      "show": false,
      "type": "string",
      "sortable": true,
      "canChangeShow": false,
      "query": null,
      "jsonPath": null,
      "id": null,
      "field": "analysis.sequence_analysis.metrics.depth_of_coverage",
      "accessor": "analysis.sequence_analysis.metrics.depth_of_coverage",
      "__typename": "Column"
    },
    {
      "show": false,
      "type": "string",
      "sortable": true,
      "canChangeShow": false,
      "query": null,
      "jsonPath": null,
      "id": null,
      "field": "analysis.sequence_analysis.raw_sequence_data_processing_method",
      "accessor": "analysis.sequence_analysis.raw_sequence_data_processing_method",
      "__typename": "Column"
    },
    {
      "show": false,
      "type": "string",
      "sortable": true,
      "canChangeShow": false,
      "query": null,
      "jsonPath": null,
      "id": null,
      "field": "analysis.sequence_analysis.reference_genome_accession",
      "accessor": "analysis.sequence_analysis.reference_genome_accession",
      "__typename": "Column"
    },
    {
      "show": false,
      "type": "string",
      "sortable": true,
      "canChangeShow": false,
      "query": null,
      "jsonPath": null,
      "id": null,
      "field": "analysis.experiment.library_id",
      "accessor": "analysis.experiment.library_id",
      "__typename": "Column"
    },
    {
      "show": false,
      "type": "date",
      "sortable": true,
      "canChangeShow": false,
      "query": null,
      "jsonPath": null,
      "id": null,
      "field": "analysis.first_published_at",
      "accessor": "analysis.first_published_at",
      "__typename": "Column"
    },
    {
      "show": false,
      "type": "date",
      "sortable": true,
      "canChangeShow": false,
      "query": null,
      "jsonPath": null,
      "id": null,
      "field": "analysis.updated_at",
      "accessor": "analysis.updated_at",
      "__typename": "Column"
    },
    {
      "show": false,
      "type": "string",
      "sortable": true,
      "canChangeShow": false,
      "query": null,
      "jsonPath": null,
      "id": null,
      "field": "object_id",
      "accessor": "object_id",
      "__typename": "Column"
    },
    {
      "show": false,
      "type": "string",
      "sortable": true,
      "canChangeShow": false,
      "query": null,
      "jsonPath": null,
      "id": null,
      "field": "file.name",
      "accessor": "file.name",
      "__typename": "Column"
    },
    {
      "show": false,
      "type": "number",
      "sortable": true,
      "canChangeShow": false,
      "query": null,
      "jsonPath": null,
      "id": null,
      "field": "file.size",
      "accessor": "file.size",
      "__typename": "Column"
    },
    {
      "show": false,
      "type": "string",
      "sortable": true,
      "canChangeShow": false,
      "query": null,
      "jsonPath": null,
      "id": null,
      "field": "file_access",
      "accessor": "file_access",
      "__typename": "Column"
    },
    {
      "show": false,
      "type": "string",
      "sortable": true,
      "canChangeShow": false,
      "query": null,
      "jsonPath": null,
      "id": null,
      "field": "file.md5sum",
      "accessor": "file.md5sum",
      "__typename": "Column"
    },
    {
      "show": false,
      "type": "string",
      "sortable": true,
      "canChangeShow": false,
      "query": null,
      "jsonPath": null,
      "id": null,
      "field": "file_type",
      "accessor": "file_type",
      "__typename": "Column"
    },
    {
      "show": false,
      "type": "string",
      "sortable": true,
      "canChangeShow": false,
      "query": null,
      "jsonPath": null,
      "id": null,
      "field": "data_type",
      "accessor": "data_type",
      "__typename": "Column"
    },
    {
      "show": false,
      "type": "string",
      "sortable": true,
      "canChangeShow": false,
      "query": null,
      "jsonPath": null,
      "id": null,
      "field": "analysis.analysis_id",
      "accessor": "analysis.analysis_id",
      "__typename": "Column"
    },
    {
      "show": false,
      "type": "string",
      "sortable": true,
      "canChangeShow": false,
      "query": null,
      "jsonPath": null,
      "id": null,
      "field": "analysis.analysis_state",
      "accessor": "analysis.analysis_state",
      "__typename": "Column"
    },
    {
      "show": false,
      "type": "string",
      "sortable": true,
      "canChangeShow": false,
      "query": null,
      "jsonPath": null,
      "id": null,
      "field": "analysis.analysis_type",
      "accessor": "analysis.analysis_type",
      "__typename": "Column"
    },
    {
      "show": false,
      "type": "number",
      "sortable": true,
      "canChangeShow": false,
      "query": null,
      "jsonPath": null,
      "id": null,
      "field": "analysis.analysis_version",
      "accessor": "analysis.analysis_version",
      "__typename": "Column"
    },
    {
      "show": false,
      "type": "list",
      "sortable": false,
      "canChangeShow": false,
      "query": "donors {\n                hits {\n                edges {\n                node {\n                donor_id\n              }\n              }\n              }\n              }",
      "jsonPath": "$.donors.hits.edges[*].node.donor_id",
      "id": null,
      "field": "donors.donor_id",
      "accessor": null,
      "__typename": "Column"
    },
    {
      "show": false,
      "type": "list",
      "sortable": false,
      "canChangeShow": false,
      "query": "donors {\n                hits {\n                edges {\n                node {\n                gender\n              }\n              }\n              }\n              }",
      "jsonPath": "$.donors.hits.edges[*].node.gender",
      "id": null,
      "field": "donors.gender",
      "accessor": null,
      "__typename": "Column"
    },
    {
      "show": false,
      "type": "list",
      "sortable": false,
      "canChangeShow": false,
      "query": "donors {\n                hits {\n                edges {\n                node {\n                specimens {\n                hits {\n                edges {\n                node {\n                specimen_id\n              }\n              }\n              }\n              }\n              }\n              }\n              }\n              }",
      "jsonPath": "$.donors.hits.edges[*].node.specimens.hits.edges[*].node.specimen_id",
      "id": null,
      "field": "donors.specimens.specimen_id",
      "accessor": null,
      "__typename": "Column"
    },
    {
      "show": false,
      "type": "list",
      "sortable": false,
      "canChangeShow": false,
      "query": "donors {\n                hits {\n                edges {\n                node {\n                submitter_donor_id\n              }\n              }\n              }\n              }",
      "jsonPath": "$.donors.hits.edges[*].node.submitter_donor_id",
      "id": null,
      "field": "donors.submitter_donor_id",
      "accessor": null,
      "__typename": "Column"
    },
    {
      "show": false,
      "type": "list",
      "sortable": false,
      "canChangeShow": false,
      "query": "donors {\n                hits {\n                edges {\n                node {\n                specimens {\n                hits {\n                edges {\n                node {\n                specimen_type\n              }\n              }\n              }\n              }\n              }\n              }\n              }\n              }",
      "jsonPath": "$.donors.hits.edges[*].node.specimens.hits.edges[*].node.specimen_type",
      "id": null,
      "field": "donors.specimens.specimen_type",
      "accessor": null,
      "__typename": "Column"
    },
    {
      "show": false,
      "type": "list",
      "sortable": false,
      "canChangeShow": false,
      "query": "donors {\n                hits {\n                edges {\n                node {\n                specimens {\n                hits {\n                edges {\n                node {\n                specimen_tissue_source\n              }\n              }\n              }\n              }\n              }\n              }\n              }\n              }",
      "jsonPath": "$.donors.hits.edges[*].node.specimens.hits.edges[*].node.specimen_tissue_source",
      "id": null,
      "field": "donors.specimens.specimen_tissue_source",
      "accessor": null,
      "__typename": "Column"
    },
    {
      "show": false,
      "type": "list",
      "sortable": false,
      "canChangeShow": false,
      "query": "donors {\n                hits {\n                edges {\n                node {\n                specimens {\n                hits {\n                edges {\n                node {\n                tumour_normal_designation\n              }\n              }\n              }\n              }\n              }\n              }\n              }\n              }",
      "jsonPath": "$.donors.hits.edges[*].node.specimens.hits.edges[*].node.tumour_normal_designation",
      "id": null,
      "field": "donors.specimens.tumour_normal_designation",
      "accessor": null,
      "__typename": "Column"
    },
    {
      "show": false,
      "type": "list",
      "sortable": false,
      "canChangeShow": false,
      "query": "donors {\n                hits {\n                edges {\n                node {\n                specimens {\n                hits {\n                edges {\n                node {\n                samples {\n                hits {\n                edges {\n                node {\n                sample_id\n              }\n              }\n              }\n              }\n              }\n              }\n              }\n              }\n              }\n              }\n              }\n              }",
      "jsonPath": "$.donors.hits.edges[*].node.specimens.hits.edges[*].node.samples.hits.edges[*].node.sample_id",
      "id": null,
      "field": "donors.specimens.samples.sample_id",
      "accessor": null,
      "__typename": "Column"
    },
    {
      "show": false,
      "type": "list",
      "sortable": false,
      "canChangeShow": false,
      "query": "donors {\n                hits {\n                edges {\n                node {\n                specimens {\n                hits {\n                edges {\n                node {\n                samples {\n                hits {\n                edges {\n                node {\n                sample_type\n              }\n              }\n              }\n              }\n              }\n              }\n              }\n              }\n              }\n              }\n              }\n              }",
      "jsonPath": "$.donors.hits.edges[*].node.specimens.hits.edges[*].node.samples.hits.edges[*].node.sample_type",
      "id": null,
      "field": "donors.specimens.samples.sample_type",
      "accessor": null,
      "__typename": "Column"
    },
    {
      "show": false,
      "type": "list",
      "sortable": false,
      "canChangeShow": false,
      "query": "donors {\n                hits {\n                edges {\n                node {\n                specimens {\n                hits {\n                edges {\n                node {\n                samples {\n                hits {\n                edges {\n                node {\n                matched_normal_submitter_sample_id\n              }\n              }\n              }\n              }\n              }\n              }\n              }\n              }\n              }\n              }\n              }\n              }",
      "jsonPath": "$.donors.hits.edges[*].node.specimens.hits.edges[*].node.samples.hits.edges[*].node.matched_normal_submitter_sample_id",
      "id": null,
      "field": "donors.specimens.samples.matched_normal_submitter_sample_id",
      "accessor": null,
      "__typename": "Column"
    },
    {
      "show": false,
      "type": "list",
      "sortable": false,
      "canChangeShow": false,
      "query": "donors {\n                hits {\n                edges {\n                node {\n                specimens {\n                hits {\n                edges {\n                node {\n                samples {\n                hits {\n                edges {\n                node {\n                submitter_sample_id\n              }\n              }\n              }\n              }\n              }\n              }\n              }\n              }\n              }\n              }\n              }\n              }",
      "jsonPath": "$.donors.hits.edges[*].node.specimens.hits.edges[*].node.samples.hits.edges[*].node.submitter_sample_id",
      "id": null,
      "field": "donors.specimens.samples.submitter_sample_id",
      "accessor": null,
      "__typename": "Column"
    },
    {
      "show": false,
      "type": "number",
      "sortable": false,
      "canChangeShow": false,
      "query": null,
      "jsonPath": null,
      "id": null,
      "field": "donors.specimens.samples.hits.total",
      "accessor": "donors.hits.edges[0].node.specimens.hits.edges[0].node.samples.hits.total",
      "__typename": "Column"
    },
    {
      "show": false,
      "type": "number",
      "sortable": false,
      "canChangeShow": false,
      "query": null,
      "jsonPath": null,
      "id": null,
      "field": "donors.specimens.hits.total",
      "accessor": "donors.hits.edges[0].node.specimens.hits.total",
      "__typename": "Column"
    },
    {
      "show": false,
      "type": "number",
      "sortable": false,
      "canChangeShow": false,
      "query": null,
      "jsonPath": null,
      "id": null,
      "field": "donors.hits.total",
      "accessor": "donors.hits.total",
      "__typename": "Column"
    },
    {
      "show": false,
      "type": "string",
      "sortable": true,
      "canChangeShow": false,
      "query": null,
      "jsonPath": null,
      "id": null,
      "field": "file.index_file.object_id",
      "accessor": "file.index_file.object_id",
      "__typename": "Column"
    },
    {
      "show": false,
      "type": "string",
      "sortable": true,
      "canChangeShow": false,
      "query": null,
      "jsonPath": null,
      "id": null,
      "field": "file.index_file.name",
      "accessor": "file.index_file.name",
      "__typename": "Column"
    },
    {
      "show": false,
      "type": "string",
      "sortable": true,
      "canChangeShow": false,
      "query": null,
      "jsonPath": null,
      "id": null,
      "field": "file.index_file.file_type",
      "accessor": "file.index_file.file_type",
      "__typename": "Column"
    },
    {
      "show": false,
      "type": "string",
      "sortable": true,
      "canChangeShow": false,
      "query": null,
      "jsonPath": null,
      "id": null,
      "field": "file.index_file.md5sum",
      "accessor": "file.index_file.md5sum",
      "__typename": "Column"
    },
    {
      "show": false,
      "type": "number",
      "sortable": true,
      "canChangeShow": false,
      "query": null,
      "jsonPath": null,
      "id": null,
      "field": "file.index_file.size",
      "accessor": "file.index_file.size",
      "__typename": "Column"
    },
    {
      "show": false,
      "type": "string",
      "sortable": false,
      "canChangeShow": false,
      "query": null,
      "jsonPath": null,
      "id": null,
      "field": "file_autocomplete",
      "accessor": "file_autocomplete",
      "__typename": "Column"
    },
    {
      "show": false,
      "type": "list",
      "sortable": false,
      "canChangeShow": false,
      "query": "repositories {\n                hits {\n                edges {\n                node {\n                code\n              }\n              }\n              }\n              }",
      "jsonPath": "$.repositories.hits.edges[*].node.code",
      "id": null,
      "field": "repositories.code",
      "accessor": null,
      "__typename": "Column"
    },
    {
      "show": false,
      "type": "list",
      "sortable": false,
      "canChangeShow": false,
      "query": "repositories {\n                hits {\n                edges {\n                node {\n                country\n              }\n              }\n              }\n              }",
      "jsonPath": "$.repositories.hits.edges[*].node.country",
      "id": null,
      "field": "repositories.country",
      "accessor": null,
      "__typename": "Column"
    },
    {
      "show": false,
      "type": "list",
      "sortable": false,
      "canChangeShow": false,
      "query": "repositories {\n                hits {\n                edges {\n                node {\n                name\n              }\n              }\n              }\n              }",
      "jsonPath": "$.repositories.hits.edges[*].node.name",
      "id": null,
      "field": "repositories.name",
      "accessor": null,
      "__typename": "Column"
    },
    {
      "show": false,
      "type": "list",
      "sortable": false,
      "canChangeShow": false,
      "query": "repositories {\n                hits {\n                edges {\n                node {\n                organization\n              }\n              }\n              }\n              }",
      "jsonPath": "$.repositories.hits.edges[*].node.organization",
      "id": null,
      "field": "repositories.organization",
      "accessor": null,
      "__typename": "Column"
    },
    {
      "show": false,
      "type": "list",
      "sortable": false,
      "canChangeShow": false,
      "query": "repositories {\n                hits {\n                edges {\n                node {\n                url\n              }\n              }\n              }\n              }",
      "jsonPath": "$.repositories.hits.edges[*].node.url",
      "id": null,
      "field": "repositories.url",
      "accessor": null,
      "__typename": "Column"
    },
    {
      "show": false,
      "type": "number",
      "sortable": true,
      "canChangeShow": false,
      "query": null,
      "jsonPath": null,
      "id": null,
      "field": "repositories.hits.total",
      "accessor": "repositories.hits.total",
      "__typename": "Column"
    }
  ],
  "__typename": "ColumnState"
}